{
  "post_a": {
    "mean": 538.2385221434098,
    "var": 160.48822945365876
  },
  "post_b": {
    "mean": 987.3922126125982,
    "var": 1557.1534339094721
  },
  "p_superior_B_over_A": 1.0
}