{
  "t": 10.867564452850104,
  "df": 404.7909449218651,
  "p_value": 0.0,
  "diff": 449.1536931414216,
  "se": 41.32974734956622,
  "ci95": [
    368.14738833627183,
    530.1599979465714
  ]
}